image_path,number label,actual name,familiarity score,nameability score,color saliency,texture saliency,"BLIP-2, OPT-2.7b caption, nucleus sampling"
data/NOUN-2-600DPI/2001-600.jpg,2001,bee have trap,19,50,66,14,two orange balls shaped like a flower are sitting on
data/NOUN-2-600DPI/2002-600.jpg,2002,bookend,22,83,59,9,this is a red abstract sculpture with a very cur
data/NOUN-2-600DPI/2003-600.jpg,2003,fidget toy,59,74,19,0,a group of colored block blocks arranged into a line
data/NOUN-2-600DPI/2004-600.jpg,2004,pencil sharpener,41,70,48,52,a orange and yellow round plastic key ring sitting on
data/NOUN-2-600DPI/2005-600.jpg,2005,fish tank stone,6,25,81,13,a pink and blue rubber unicorn horn
data/NOUN-2-600DPI/2006-600.jpg,2006,space ship top,34,64,31,3,silver spaceship with large round object on top
data/NOUN-2-600DPI/2007-600.jpg,2007,air blower for slr cameras,22,46,78,6,duncan ball valve black rubber
data/NOUN-2-600DPI/2008.jpg,2008,curlers formed together,34,25,48,16,a blue and silver dog toy that looks like a
data/NOUN-2-600DPI/2009-600.jpg,2009,dog toy,47,78,65,45,an orange toy with spiky spikey bits and
data/NOUN-2-600DPI/2010-600.jpg,2010,dog toy pet shop,66,52,50,25,"two red, yellow and blue rubber balls are on"
data/NOUN-2-600DPI/2011-600.jpg,2011,noisemaker,22,75,88,3,a toy with two green plastic handles attached to each
data/NOUN-2-600DPI/2012-600.jpg,2012,coiled worm toy,41,50,59,41,a red plastic toy sea urchin that is
data/NOUN-2-600DPI/2013-600.jpg,2013,sling shot,6,20,87,6,orange tripod style toy on a white background
data/NOUN-2-600DPI/2014-600.jpg,2014,this light-up toy,38,75,39,0,a toy ball with an orange ball with a purple
data/NOUN-2-600DPI/2015-600.jpg,2015,ball catcher,38,78,55,10,plastik schallendach - m√º
data/NOUN-2-600DPI/2016 600dpi.jpg,2016,bird toy,28,21,61,6,an orange and blue blue ball in front of a
data/NOUN-2-600DPI/2017-600.jpg,2017,kenetic wheel,41,29,23,13,crisp wire pet hamster wheel
data/NOUN-2-600DPI/2018-600.jpg,2018,this coils string,16,50,61,6,a yellow bowl with lids that are shaped like
data/NOUN-2-600DPI/2019-600.jpg,2019,cat nip toy,31,67,38,25,orange and yellow egg shaped container with white background
data/NOUN-2-600DPI/2020.jpg,2020,jacobs ladder,41,36,29,6,two multi - colored coasters with small plastic cards
data/NOUN-2-600DPI/2021-600.jpg,2021,foam arrow,9,29,84,3,a pair of foam - filled balls is in the
data/NOUN-2-600DPI/2022-600.jpg,2022,marker,9,15,70,13,a small green plastic object against a white background
data/NOUN-2-600DPI/2023-600.jpg,2023,color changing ball,13,31,87,17,a vase made from black and white plastic
data/NOUN-2-600DPI/2024-600.jpg,2024,connected disk toy,81,44,41,3,"a pair of colorful puzzle pieces with the word """
data/NOUN-2-600DPI/2025-600.jpg,2025,boomerang,6,14,58,13,a blue shoe horn with the end of a foot
data/NOUN-2-600DPI/2026-600.jpg,2026,dog toy,16,71,63,17,a green and red toy toy on white background
data/NOUN-2-600DPI/2027-600.jpg,2027,room freshener toy,22,38,47,9,the plastic ball is made of white plastic and has
data/NOUN-2-600DPI/2028-600.jpg,2028,cat toy found at the pound store,6,47,53,63,"pink, fuzzy, and long plastic ears for"
data/NOUN-2-600DPI/2029-600.jpg,2029,cover for room fresheners,19,27,65,16,a close up of a plastic object on a white
data/NOUN-2-600DPI/2030-600.jpg,2030,marker,9,43,53,0,a little toy with a blue head with a purple
data/NOUN-2-600DPI/2031.jpg,2031,book end,16,32,35,26,a silver metal curved arm on white background
data/NOUN-2-600DPI/2032-600.jpg,2032,submarine,47,90,50,3,a toy airplane on a white background with an orange
data/NOUN-2-600DPI/2033-600.jpg,2033,cat toy cage,9,57,55,3,a colorful plastic storage box with two orange and green
data/NOUN-2-600DPI/2034-600.jpg,2034,worm ball with cut off hands or stars,72,39,45,26,silicone rubber rubber toy hair
data/NOUN-2-600DPI/2035-600.jpg,2035,giant pen with pen tip removed and cooper scourer pad on top,13,54,47,13,"a brown, blue and red rubber ball sitting on"
data/NOUN-2-600DPI/2036-600.jpg,2036,cup-and-ball toy,59,70,20,20,a wooden toy with a red ball and yellow and
data/NOUN-2-600DPI/2037-600.jpg,2037,teething ring with a bit photoshopped out,34,24,37,3,an assortment of pink balls are sitting on top of
data/NOUN-2-600DPI/2038-600.jpg,2038,heart shaped slinky,56,63,26,6,rainbow 3d pen holder
data/NOUN-2-600DPI/2039-600.jpg,2039,led top,28,64,61,13,green plastic cross - one in a bunch
data/NOUN-2-600DPI/2040-600.jpg,2040,rubber toy found in toy aisle,31,64,63,16,a blue rubber toy ball with yellow tassels
data/NOUN-2-600DPI/2041-600.jpg,2041,massager,34,38,23,20,a wooden cross with four balls sitting on it
data/NOUN-2-600DPI/2042-600.jpg,2042,small personal fan without blades,38,67,81,3,3d printed blue and yellow sponges
data/NOUN-2-600DPI/2043.jpg,2043,clacker,66,76,65,6,a toy with three ball hanging from its handle
data/NOUN-2-600DPI/2044-600.jpg,2044,diving toy with small weight,6,27,94,6,the bite-a-stick has teeth in the
data/NOUN-2-600DPI/2045-600.jpg,2045,wooden ball toy,25,29,3,55,a long wooden stick with four holes on it
data/NOUN-2-600DPI/2046-600.jpg,2046,keychain with bubbles inside,34,67,42,3,a transparent square keychain with a green and blue
data/NOUN-2-600DPI/2047-600.jpg,2047,perfume sprayer,41,32,50,3,the bottle with a black and white stripe is sitting
data/NOUN-2-600DPI/2048-600.jpg,2048,worm ball with hands and stars cut off,13,47,55,6,a pile of balls on a white surface
data/NOUN-2-600DPI/2049-600.jpg,2049,slide whistle,19,44,39,10,a blue pencil holder with a wire handle
data/NOUN-2-600DPI/2050-600.jpg,2050,mobile phone stand for a car,31,68,45,0,a black plastic dome for a car dashboard
data/NOUN-2-600DPI/2051-600.jpg,2051,finger castanet,53,60,47,9,green wooden toilet seat
data/NOUN-2-600DPI/2052-600.jpg,2052,noisemaker,41,53,63,7,floral petal maker by kodal
data/NOUN-2-600DPI/2053-600.jpg,2053,hand castanet,44,79,45,6,a red umbrella holder with black handles on a white
data/NOUN-2-600DPI/2054-600.jpg,2054,floating ball game,3,25,38,48,"pork scratchings, small, red"
data/NOUN-2-600DPI/2055-600.jpg,2055,aroma therapy oil burner,13,33,53,13,"colorful, brightly colored vase on white background"
data/NOUN-2-600DPI/2056-600.jpg,2056,dog toy,19,59,61,13,rainbow dog treat holder
data/NOUN-2-600DPI/2057-600.jpg,2057,spout for watering can,34,32,35,3,a red plastic fan sitting on a black base
data/NOUN-2-600DPI/2058-600.jpg,2058,hole for children golf game,22,33,58,3,the pink circular plastic ring is on top of a
data/NOUN-2-600DPI/2059-600.jpg,2059,maraca pen,75,92,28,0,"sling vibrator for women with a purple,"
data/NOUN-2-600DPI/2060-600.jpg,2060,dog toy with removed rope,38,32,55,29,a red dog treat wrapped in plastic
data/NOUN-2-600DPI/2061-600.jpg,2061,dog toy,53,53,59,13,a small green rubber toy with colorful polka dots
data/NOUN-2-600DPI/2062-600.jpg,2062,dog toy,44,56,29,42,the shape of the spiral is orange and has a
data/NOUN-2-600DPI/2063-600.jpg,2063,magic loops,25,38,13,19,a metal sculpture of an abstracted globe and a
data/NOUN-2-600DPI/2064-600.jpg,2064,massager,28,33,45,3,the small electronic foot massager is designed to look
